epoch,acc,acc_a,acc_b,acc_c,acc_d,acc_e,loss,lr,val_F1,val_acc,val_loss,val_macc,val_precision,val_sensitivity,val_specificity
0,0.6391537703140566,0.65,0.5204081632653061,0.8571428571428571,0.6,0.8426966292134831,0.8460222881665942,0.0009633665322326124,0.7185574928145074,0.7047690020210696,0.5759568306799262,0.6745085833747818,0.6122448635985025,0.8695651480781403,0.47945201867142323
1,0.6697128103498333,0.7125,0.5918367346938775,0.8571428571428571,0.6,0.8539325842696629,0.6043408614404527,0.0008295816951431334,0.7412085823054902,0.7299552895184246,0.5520575164238494,0.7182350046026285,0.6628571011918394,0.8405796431422023,0.5958903660630546
2,0.6819322434542618,0.6375,0.5306122448979592,0.8571428571428571,0.5,0.898876404494382,0.5897852112338514,0.0007083056261762977,0.7471857428404065,0.6864381536796977,0.5852488942677502,0.690788113409661,0.6100917123348218,0.9637680391199389,0.4178081876993831
3,0.6883660927570698,0.6625,0.5510204081632653,0.8571428571428571,0.5,0.8876404494382022,0.5801852407414562,0.0006164333317428827,0.7492742216982076,0.7029806274348862,0.5664267336558301,0.700466492716031,0.6220095366406464,0.9420289104179854,0.45890407501407654
4,0.6923253842598721,0.675,0.5816326530612245,0.8571428571428571,0.5,0.8539325842696629,0.5763829641265382,0.0005455291830003262,0.7455567667477168,0.7208643807250945,0.5529980663482195,0.7030970266291843,0.6299999653500019,0.9130434054820474,0.49315064777632106
5,0.6978600287427468,0.6625,0.5204081632653061,0.8571428571428571,0.5,0.9325842696629213,0.5703668964303024,0.0004892426659353077,0.751439764078567,0.7213114768866278,0.5473196390799723,0.7038911499922554,0.6249999669471171,0.9420289104179854,0.46575338956652546
6,0.6994981155989809,0.65,0.5306122448979592,0.8571428571428571,0.5,0.898876404494382,0.5656983120229043,0.0004434840229805559,0.746433450804326,0.7138599103591481,0.5562633997281866,0.6938157090043499,0.6150234424166298,0.9492752866519699,0.43835613135672985
7,0.7053603774481166,0.6625,0.5408163265306123,0.8571428571428571,0.5,0.9438202247191011,0.5606436079663245,0.00040555273881182075,0.7608015984884176,0.7311475408192718,0.5378750459847613,0.7145621835024644,0.6315789141274256,0.9565216628859544,0.47260270411897437
8,0.7064826414207194,0.7,0.6224489795918368,0.8571428571428571,0.5,0.8764044943820225,0.5578807600992387,0.00037359874113462865,0.7607307743989986,0.7254843510598522,0.5479859052622904,0.7300972231574442,0.6595744294929855,0.8985506530140783,0.56164379330081
9,0.7094939339614622,0.6625,0.6020408163265306,0.8571428571428571,0.4,0.8426966292134831,0.5552698915247037,0.0003463123575784266,0.7402931294836576,0.7178837558485002,0.5458883479148727,0.6992753076714242,0.6294415892189975,0.8985506530140783,0.49999996232877
10,0.7129234610018697,0.6875,0.5816326530612245,0.8571428571428571,0.4,0.9550561797752809,0.5518373161217799,0.000322740466799587,0.7701438737904798,0.7321907608435335,0.5283928331315251,0.7345145346375077,0.654822298461699,0.9347825341840009,0.5342465350910145
11,0.713055902734455,0.675,0.5612244897959183,0.8571428571428571,0.4,0.9325842696629213,0.5512458731045239,0.00030217296443879604,0.7602285740938332,0.7374068569453036,0.5261315502526153,0.7175897790971533,0.6372548675990022,0.9420289104179854,0.49315064777632106
12,0.7147218714893139,0.65,0.5612244897959183,0.8571428571428571,0.4,0.9213483146067416,0.5488116642462564,0.0002840698871295899,0.7550379100933102,0.7102831614532699,0.5482178626112896,0.7075143381092477,0.626794225384036,0.9492752866519699,0.46575338956652546
13,0.7172103705440092,0.6875,0.5816326530612245,0.8571428571428571,0.4,0.9325842696629213,0.5464890045957155,0.0002680132747627795,0.7641737249291061,0.731594635592843,0.5342787141660464,0.7274666892442909,0.6497461566131588,0.9275361579500164,0.5273972205385655
14,0.7171964293641059,0.6625,0.6020408163265306,0.8571428571428571,0.5,0.9101123595505618,0.5474436420593637,0.0002536746906116605,0.7590307507996845,0.7141579737228892,0.5531365736630564,0.723644970286531,0.6494844992560336,0.9130434054820474,0.5342465350910145
15,0.7199707225943549,0.7,0.6020408163265306,0.8571428571428571,0.4,0.9662921348314607,0.542827602387073,0.00024079241848085076,0.7781100922570068,0.7400894191910009,0.529136226280702,0.7480146329016377,0.6701570294673962,0.9275361579500164,0.568493107853259
16,0.7190715173257041,0.65,0.5714285714285714,0.8571428571428571,0.4,0.9213483146067416,0.5439606795047727,0.0002291553100803867,0.7543806212539288,0.7184798823205973,0.5435320802488199,0.7105419337039365,0.6323529070790099,0.9347825341840009,0.48630133322387215
17,0.7194897514763661,0.6875,0.5714285714285714,0.8571428571428571,0.4,0.9213483146067416,0.5431817309320945,0.0002185911580454558,0.7610565875014594,0.7277198207582696,0.5373115909525961,0.7208159055326099,0.6417910096532283,0.9347825341840009,0.5068492768812188
18,0.7222013087364382,0.675,0.6326530612244898,0.8571428571428571,0.4,0.9213483146067416,0.5409132064585405,0.00020895809575449675,0.7696915656937738,0.7309985110416853,0.5350939896618379,0.7375421302321965,0.6614582954372852,0.9202897817160319,0.5547944787483612
19,0.7220131035929991,0.675,0.5816326530612245,0.8571428571428571,0.4,0.9101123595505618,0.5406189810053069,0.00020013823814224452,0.7588181752273785,0.7172876276775373,0.549762522099448,0.7173912482563854,0.6386138266101381,0.9347825341840009,0.49999996232877
20,0.7229820140880903,0.7125,0.6020408163265306,0.8571428571428571,0.5,0.9438202247191011,0.539229297528253,0.0001920327777042985,0.7767529913490496,0.743219076365721,0.5176745392215589,0.7478161020608699,0.6719576328490267,0.9202897817160319,0.5753424224057079
21,0.7246688955102392,0.6875,0.5714285714285714,0.8571428571428571,0.4,0.9662921348314607,0.5375575800163384,0.00018455828831065446,0.7673662020982089,0.7441132622708507,0.5192521945663607,0.7341174729559721,0.6580310505785412,0.9202897817160319,0.5479451641959123
22,0.7237418085050005,0.7125,0.6224489795918368,0.8571428571428571,0.5,0.9101123595505618,0.5382419606349,0.00017764385847840458,0.7743848302349076,0.7350223534108985,0.5289607400910155,0.7443914447846455,0.6684210139335203,0.9202897817160319,0.568493107853259
23,0.7235745142963032,0.7,0.6224489795918368,0.8571428571428571,0.5,0.9662921348314607,0.5378189456981378,0.00017122880672104657,0.7865799513675861,0.7356184772292121,0.532202369210084,0.7584871355710789,0.6789473291135757,0.9347825341840009,0.5821917369581568
24,0.7257075128521395,0.7125,0.5816326530612245,0.8571428571428571,0.5,0.9213483146067416,0.5361638224458953,0.0001652609498705715,0.7659520383593467,0.735916540604057,0.5247346250182114,0.7339189421152044,0.6596858258819681,0.9130434054820474,0.5547944787483612
25,0.7264812483243093,0.675,0.5816326530612245,0.8571428571428571,0.4,0.9213483146067416,0.5345515337313433,0.0001596950605744496,0.7596385475634075,0.7247391945603352,0.5381923190771911,0.7206173746918421,0.6432160448473543,0.9275361579500164,0.5136985914336678
26,0.7265718648095651,0.675,0.5510204081632653,0.8571428571428571,0.4,0.9550561797752809,0.5339588323356417,0.00015449186321347952,0.7596385475634075,0.727421757150247,0.5387075801009393,0.7206173746918421,0.6432160448473543,0.9275361579500164,0.5136985914336678
27,0.7284887757125832,0.6875,0.6020408163265306,0.8571428571428571,0.4,0.9325842696629213,0.5321908120404024,0.00014961704437155277,0.7673662020982089,0.7315946339272884,0.5245058610702236,0.7341174729559721,0.6580310505785412,0.9202897817160319,0.5479451641959123
28,0.7271643649429917,0.725,0.6632653061224489,0.8571428571428571,0.5,0.9101123595505618,0.5323305895068265,0.00014504045248031616,0.7781295628836011,0.7348733235444823,0.5243497610913836,0.7603235461211608,0.6994219208460051,0.8768115243121248,0.6438355679301969
29,0.7278683940170699,0.7,0.6224489795918368,0.8571428571428571,0.5,0.9101123595505618,0.5327581022260379,0.0001407355157425627,0.7692253422197924,0.7292101332465334,0.5362894630889601,0.7405697258268854,0.6684491585404239,0.9057970292480629,0.5753424224057079
30,0.7282587471540779,0.7,0.5918367346938775,0.8571428571428571,0.4,0.9550561797752809,0.5318857532248543,0.00013667879102285951,0.776114022651858,0.7274217583161353,0.531569775477074,0.7415623800307244,0.6598984403102394,0.9420289104179854,0.5410958496434634
31,0.7278962765264492,0.7125,0.6122448979591837,0.8571428571428571,0.4,0.9775280898876404,0.5292339395998114,0.0001328493672190234,0.7865799513675861,0.7415797295362513,0.5224023272579011,0.7584871355710789,0.6789473291135757,0.9347825341840009,0.5821917369581568
32,0.7279868940587125,0.7125,0.6020408163265306,0.8571428571428571,0.5,0.9775280898876404,0.530639424352953,0.000129228676087223,0.7826032544639918,0.752757079754963,0.5106168521898514,0.7578915430487755,0.6847825677575639,0.9130434054820474,0.6027396806155035
33,0.7288512469135733,0.6875,0.5816326530612245,0.8571428571428571,0.5,0.9325842696629213,0.5298248895512919,0.0001258001138921827,0.7664616812734333,0.7205663202816257,0.5407602793680041,0.7308913465205155,0.6530611878384027,0.9275361579500164,0.5342465350910145
34,0.7299038049991238,0.7125,0.6224489795918368,0.8571428571428571,0.5,0.9325842696629213,0.5295796553892154,0.0001225487794727087,0.7735794481212824,0.7320417245480769,0.5257785538247551,0.7504466359740232,0.6833332915740766,0.8913042767800938,0.6095889951679524
35,0.728781541288273,0.725,0.6122448979591837,0.8571428571428571,0.4,0.9325842696629213,0.5306357361566367,0.00011946126323891804,0.7807753903817883,0.7232488810172202,0.5377729263950567,0.7484116945831734,0.6666666290598312,0.9420289104179854,0.5547944787483612
36,0.7295831575995956,0.7125,0.6224489795918368,1.0,0.4,0.9662921348314607,0.5285253125546319,0.0001165255016530864,0.7836936054852585,0.7366616998961537,0.5153449974265699,0.7611176694842321,0.6906076928359965,0.9057970292480629,0.6164383097204014
37,0.7299038048620157,0.725,0.6224489795918368,0.8571428571428571,0.5,0.9550561797752809,0.5286883273816717,0.00011373058805475011,0.7809469107556131,0.7444113265895097,0.5138214038832088,0.7607206078026965,0.694915211050467,0.8913042767800938,0.6301369388252991
38,0.7307402750828534,0.6875,0.6020408163265306,0.8571428571428571,0.4,0.9550561797752809,0.5284275278068895,0.00011106659076176584,0.7692253422197924,0.7348733210572542,0.5214491412043571,0.7405697258268854,0.6684491585404239,0.9057970292480629,0.5753424224057079
39,0.7322459210166867,0.7125,0.5714285714285714,0.8571428571428571,0.4,0.9775280898876404,0.5253804846195833,0.00010852453124243766,0.7743848302349076,0.7473919497561348,0.5201181901171914,0.7443914447846455,0.6684210139335203,0.9202897817160319,0.568493107853259
40,0.7326293033518486,0.7,0.6020408163265306,0.8571428571428571,0.4,0.9662921348314607,0.5261760251335598,0.00010609623859636486,0.7794507934394407,0.7421758547314233,0.5204641077606404,0.7482131637424054,0.6683937442884395,0.9347825341840009,0.56164379330081
41,0.7320298328902222,0.6625,0.5612244897959183,0.8571428571428571,0.4,0.9550561797752809,0.5257568878765537,0.00010377425496699288,0.7624579937933242,0.7247391940717726,0.5359058588321269,0.7210144363733777,0.6403940539687951,0.9420289104179854,0.49999996232877
42,0.7335145675901686,0.7125,0.5918367346938775,0.8571428571428571,0.4,0.9775280898876404,0.5235599492295224,0.00010155171185033396,0.7804823908012447,0.7433681088637133,0.5164873214152638,0.7514392901778622,0.673684171523548,0.9275361579500164,0.5753424224057079
43,0.7329290388568781,0.7125,0.5918367346938775,0.8571428571428571,0.4,0.9775280898876404,0.5251555216083064,9.942237375071272e-05,0.7818127770063281,0.7499254832902005,0.5160682566919199,0.75163782101863,0.6718749615071636,0.9347825341840009,0.568493107853259
44,0.7355918015261067,0.7,0.6020408163265306,0.8571428571428571,0.4,0.9550561797752809,0.5223079705427801,9.738049993757159e-05,0.7730007122206708,0.7357675114815886,0.5247189476863994,0.7441929139438777,0.6702127267428724,0.9130434054820474,0.5753424224057079
45,0.7344137733324658,0.7,0.5918367346938775,0.8571428571428571,0.4,0.9775280898876404,0.5231416583908796,9.542081534164026e-05,0.7767529913490496,0.7368107289186888,0.5266647252480426,0.7478161020608699,0.6719576328490267,0.9202897817160319,0.5753424224057079
46,0.7342046551353409,0.7375,0.6122448979591837,0.8571428571428571,0.5,0.9775280898876404,0.5236034049293776,9.353843779535964e-05,0.7951016139669412,0.7412816690761268,0.5266574368980087,0.7689596382405199,0.6878306477982162,0.9420289104179854,0.5958903660630546
47,0.7345531849071402,0.7,0.5918367346938775,0.8571428571428571,0.5,0.9775280898876404,0.5219411545346243,9.1728892584797e-05,0.7818127770063281,0.7450074504855493,0.5168164404256245,0.75163782101863,0.6718749615071636,0.9347825341840009,0.568493107853259
48,0.7350202135240019,0.7125,0.6530612244897959,0.8571428571428571,0.5,0.9775280898876404,0.5213510581560585,8.998804696602747e-05,0.7936453225665517,0.7485842031777882,0.5135658401746064,0.7748162985891299,0.7062146453764909,0.9057970292480629,0.6438355679301969
49,0.7354314777951817,0.725,0.6020408163265306,0.8571428571428571,0.5,0.9775280898876404,0.5215988567263349,8.831203012960032e-05,0.7876868794307467,0.7584202648008633,0.5046857665563571,0.7617132620065354,0.684491938345394,0.9275361579500164,0.5958903660630546
50,0.7370974485318763,0.7125,0.5714285714285714,0.8571428571428571,0.5,0.9775280898876404,0.5190834715145993,8.669730596011505e-05,0.7767529913490496,0.7444113258344583,0.5176643601517386,0.7478161020608699,0.6719576328490267,0.9202897817160319,0.5753424224057079
51,0.7362261250995283,0.725,0.5816326530612245,0.8571428571428571,0.5,0.9775280898876404,0.5191510125140872,8.514057117281482e-05,0.7828691988883425,0.7426229506486752,0.5243443631401894,0.7548639474540866,0.6772486378320899,0.9275361579500164,0.5821917369581568
52,0.737439007352257,0.6875,0.5612244897959183,0.8571428571428571,0.5,0.9662921348314607,0.5194023568876515,8.363875531358644e-05,0.7701438737904798,0.7360655702928139,0.5296293446341677,0.7345145346375077,0.654822298461699,0.9347825341840009,0.5342465350910145
53,0.7369162124701994,0.725,0.6020408163265306,0.8571428571428571,0.5,0.9662921348314607,0.5181107093030466,8.218900620704517e-05,0.785270650042362,0.751862891773442,0.514527311134978,0.758288604730311,0.6808510239927592,0.9275361579500164,0.5890410515106057
54,0.7371253304429655,0.7375,0.6224489795918368,1.0,0.6,0.9775280898876404,0.518195747543907,8.078865357674658e-05,0.7974628870740519,0.7570789844441698,0.5083754352570113,0.7784394867061222,0.7078651247948519,0.9130434054820474,0.6438355679301969
55,0.7370556247179502,0.725,0.6530612244897959,1.0,0.6,0.9662921348314607,0.5162859224141367,7.943522359710187e-05,0.7999945284720282,0.7453055140213977,0.520821663971585,0.7818641439823466,0.7118643625395029,0.9130434054820474,0.6506848824826459
56,0.739781122808923,0.7375,0.6836734693877551,1.0,0.7,0.9662921348314607,0.5164629653351719,7.812638796167448e-05,0.812897734313112,0.7605067062429006,0.5037446232448747,0.798987430363469,0.7325580926852383,0.9130434054820474,0.6849314552448904
57,0.7383939769915187,0.7375,0.5816326530612245,0.8571428571428571,0.6,0.9775280898876404,0.5168527968879127,7.685999298701063e-05,0.7876868794307467,0.7542473904111169,0.5124074140821768,0.7617132620065354,0.684491938345394,0.9275361579500164,0.5958903660630546
58,0.7383939762935136,0.725,0.5816326530612245,0.8571428571428571,0.5,0.9662921348314607,0.5174067124867728,7.563400140497833e-05,0.7791356811315141,0.751564828592912,0.5147333344563997,0.7512407593370944,0.6755318753678158,0.9202897817160319,0.5821917369581568
59,0.7385055054834526,0.7375,0.6530612244897959,0.8571428571428571,0.5,0.9662921348314607,0.5161218490749161,7.444649236276746e-05,0.8012367935627013,0.7575260801282441,0.5069256463322661,0.7790350792284255,0.7010869146089345,0.9347825341840009,0.6232876242728502
60,0.738010594531713,0.7125,0.6122448979591837,0.8571428571428571,0.6,0.9662921348314607,0.5150531778172038,7.329571235459298e-05,0.7850412832932013,0.7505216102453085,0.5125735411101233,0.7613162003249999,0.6885245487772129,0.9130434054820474,0.6095889951679524
61,0.739390770693994,0.7375,0.6020408163265306,0.8571428571428571,0.5,0.9662921348314607,0.5152735360019729,7.217995880637318e-05,0.7876868794307467,0.755141578714645,0.5064914502403332,0.7617132620065354,0.684491938345394,0.9275361579500164,0.5958903660630546
62,0.7385124769334462,0.7,0.6020408163265306,0.8571428571428571,0.5,0.9662921348314607,0.5158402540478333,7.10976601112634e-05,0.7777723457162036,0.7412816679491017,0.5238740643938856,0.7510422284963265,0.677419314776277,0.9130434054820474,0.5890410515106057
63,0.7388610057080953,0.7125,0.5918367346938775,0.8571428571428571,0.4,0.9662921348314607,0.5154991862366061,7.004735380178317e-05,0.7739883718228426,0.7529061101043899,0.5122983241523165,0.7474190403793344,0.6756756355003676,0.9057970292480629,0.5890410515106057
64,0.7396835349983174,0.7375,0.6020408163265306,0.8571428571428571,0.5,0.9662921348314607,0.514803126410728,6.902762106619775e-05,0.7876868794307467,0.7548435156951185,0.510464899874835,0.7617132620065354,0.684491938345394,0.9275361579500164,0.5958903660630546
65,0.7394465350646048,0.75,0.6122448979591837,0.8571428571428571,0.4,0.9662921348314607,0.5135746904119494,6.803714495617896e-05,0.7901180238896813,0.7536512668259808,0.5136789327429055,0.76513791928276,0.6881720023124085,0.9275361579500164,0.6027396806155035
66,0.739397741196695,0.725,0.6428571428571429,1.0,0.5,0.9550561797752809,0.5145966267047294,6.707469583489001e-05,0.7911337735909295,0.7539493282354713,0.5042061763864161,0.7713916413129055,0.7022471476139404,0.9057970292480629,0.6369862533777481
67,0.7395580651519789,0.725,0.6530612244897959,1.0,0.6,0.9662921348314607,0.5138453803193066,6.613909499719739e-05,0.7999945284720282,0.7527570785557638,0.5139277046643498,0.7818641439823466,0.7118643625395029,0.9130434054820474,0.6506848824826459
68,0.7395023001332205,0.75,0.6020408163265306,0.8571428571428571,0.6,0.9775280898876404,0.5148390848259704,6.522924377350137e-05,0.7962908629764267,0.7603576726900572,0.5070825212936287,0.7721857646759767,0.6935483460804741,0.9347825341840009,0.6095889951679524
69,0.7412100929886863,0.7375,0.5714285714285714,0.8571428571428571,0.5,0.9550561797752809,0.5119188378940113,6.434407987399027e-05,0.7794507934394407,0.7460506695882041,0.5179400012985249,0.7482131637424054,0.6683937442884395,0.9347825341840009,0.56164379330081
70,0.7417816811403636,0.725,0.5816326530612245,0.8571428571428571,0.6,0.9662921348314607,0.5120568399222911,6.348261376842856e-05,0.7815330336937572,0.753651264072264,0.5131439276028497,0.7546654166133189,0.6791443450770706,0.9202897817160319,0.5890410515106057
71,0.7407570045047204,0.7,0.5510204081632653,0.8571428571428571,0.5,0.9775280898876404,0.5132639184251384,6.264391413424164e-05,0.7710789427718069,0.7509687050077759,0.5088418965545746,0.7377406610729644,0.6597937770220024,0.9275361579500164,0.5479451641959123
72,0.7424578274059176,0.725,0.6020408163265306,0.8571428571428571,0.6,0.9662921348314607,0.5112712321945535,6.182709330460057e-05,0.7863722719075599,0.7636363638173539,0.5001397875044634,0.7615147311657677,0.6864864456683735,0.9202897817160319,0.6027396806155035
73,0.7414889164621089,0.725,0.5612244897959183,0.8571428571428571,0.5,0.9438202247191011,0.5119404181034083,6.103129271650687e-05,0.7724497048308206,0.7381520118070253,0.52893172800763,0.7379391919137321,0.6581632283683903,0.9347825341840009,0.5410958496434634
74,0.7423811507294837,0.725,0.5510204081632653,0.8571428571428571,0.5,0.9438202247191011,0.5111753253545884,6.02557192905806e-05,0.7701438737904798,0.7403874816997573,0.5202216708091616,0.7345145346375077,0.654822298461699,0.9347825341840009,0.5342465350910145
75,0.741265858057302,0.7125,0.673469387755102,0.8571428571428571,0.6,0.9550561797752809,0.5121325257431758,5.949960905127227e-05,0.7987366790840587,0.7540983605558045,0.5119886388211066,0.77863801754689,0.7055555124382742,0.9202897817160319,0.6369862533777481
76,0.7414122400100338,0.7,0.6428571428571429,0.8571428571428571,0.6,0.9438202247191011,0.5115420951946965,5.8762238040799275e-05,0.7863722719075599,0.7432190733455155,0.5268832527534084,0.7615147311657677,0.6864864456683735,0.9202897817160319,0.6027396806155035
77,0.7427087689183935,0.725,0.7040816326530612,0.8571428571428571,0.6,0.9438202247191011,0.5105824416424629,5.804292231914587e-05,0.803853033731532,0.7605067059153416,0.5092951294018064,0.7885149276940278,0.722543306659096,0.9057970292480629,0.6712328261399926
78,0.741677121904693,0.725,0.5816326530612245,0.8571428571428571,0.5,0.9887640449438202,0.5103830240451855,5.734099977416918e-05,0.785270650042362,0.7603576717573467,0.5008641036307847,0.758288604730311,0.6808510239927592,0.9275361579500164,0.5890410515106057
79,0.7430642686943189,0.75,0.5918367346938775,0.8571428571428571,0.7,0.9662921348314607,0.5103215894181575,5.665585558745079e-05,0.7938407251677402,0.756482861802848,0.5062152651289892,0.7687611073997522,0.6898395316137174,0.9347825341840009,0.6027396806155035
80,0.7419141216140469,0.725,0.5918367346938775,0.8571428571428571,0.6,0.9887640449438202,0.5094825406046604,5.598689313046634e-05,0.7914056189532143,0.757377049528984,0.5021397427679352,0.7653364501235278,0.6861701726177026,0.9347825341840009,0.5958903660630546
81,0.7436637383956183,0.7125,0.5612244897959183,0.8571428571428571,0.5,0.9775280898876404,0.5092868430127863,5.533353760256432e-05,0.7784377283882123,0.7523099833935633,0.5097791768399508,0.7449870373069489,0.6632652688983778,0.9420289104179854,0.5479451641959123
82,0.7443956500912551,0.725,0.5918367346938775,0.8571428571428571,0.5,0.9550561797752809,0.5080223034137166,5.469526149681769e-05,0.7804823908012447,0.7470938900843729,0.51609442965995,0.7514392901778622,0.673684171523548,0.9275361579500164,0.5753424224057079
83,0.7439983269501211,0.725,0.5816326530612245,0.8571428571428571,0.6,0.9550561797752809,0.5094667688192857,5.407154094427824e-05,0.7791356811315141,0.7527570783336898,0.5083680417660719,0.7512407593370944,0.6755318753678158,0.9202897817160319,0.5821917369581568
84,0.7432803568955696,0.725,0.7448979591836735,1.0,0.7,0.9438202247191011,0.5107331398340111,5.34618811798282e-05,0.8196666217830798,0.7514157970998042,0.5132043549704924,0.8090628713513744,0.7485029447093868,0.9057970292480629,0.712328713454686
85,0.7435034150261601,0.6875,0.5714285714285714,0.8571428571428571,0.5,0.9213483146067416,0.5085328030865445,5.286582018015906e-05,0.7604736577160506,0.737257821749113,0.5238432223324271,0.7238435011272988,0.6479591473084152,0.9202897817160319,0.5273972205385655
86,0.7439425624548666,0.725,0.6020408163265306,0.8571428571428571,0.5,0.9438202247191011,0.5086743222375836,5.228290683589876e-05,0.7804823908012447,0.7433681053438415,0.5198325975707853,0.7514392901778622,0.673684171523548,0.9275361579500164,0.5753424224057079
87,0.7429736511620554,0.725,0.6836734693877551,1.0,0.5,0.9550561797752809,0.5082355655296633,5.171270095161162e-05,0.8025422950586995,0.7552906081813281,0.5076880747932613,0.785288801258571,0.7159090461647756,0.9130434054820474,0.6575341970350947
88,0.7448347967222414,0.75,0.6224489795918368,1.0,0.6,0.9662921348314607,0.5073088984367788,5.115480234962888e-05,0.7948663120850379,0.7482861390090291,0.5056920935845366,0.7780424250245865,0.7126436331087358,0.8985506530140783,0.6575341970350947
89,0.7446117382925058,0.7125,0.6326530612244898,0.8571428571428571,0.5,0.9550561797752809,0.5090042884780592,5.060880721430294e-05,0.7863722719075599,0.7467958273757499,0.5143073134723879,0.7615147311657677,0.6864864456683735,0.9202897817160319,0.6027396806155035
90,0.7443120033608376,0.7375,0.6122448979591837,1.0,0.5,0.9662921348314607,0.5070698355865598,5.007434810977429e-05,0.7912718124609109,0.7576751111272373,0.5070931323028091,0.7683640457182166,0.6939890293230638,0.9202897817160319,0.6164383097204014
91,0.7445002084793481,0.75,0.5918367346938775,0.8571428571428571,0.5,0.9887640449438202,0.5075482280994249,4.955106487614103e-05,0.7938407251677402,0.7605067071756112,0.5007280916719519,0.7687611073997522,0.6898395316137174,0.9347825341840009,0.6027396806155035
92,0.7442771502989,0.7125,0.6428571428571429,0.8571428571428571,0.5,0.9662921348314607,0.5066969252216024,4.903860099148005e-05,0.7899631975290665,0.7514157978104408,0.5108697130199072,0.7681655148774489,0.6961325543786845,0.9130434054820474,0.6232876242728502
93,0.7437892094759301,0.75,0.5510204081632653,0.8571428571428571,0.5,0.9325842696629213,0.5063726666929931,4.8536625399719924e-05,0.775142563637136,0.734724291784886,0.5306218199642866,0.7383362535952678,0.6549999639750019,0.9492752866519699,0.5273972205385655
94,0.7439913564723488,0.7125,0.6020408163265306,0.8571428571428571,0.5,0.9550561797752809,0.5070450451647273,4.804482523468323e-05,0.7791356811315141,0.7508196700614185,0.5108596605877496,0.7512407593370944,0.6755318753678158,0.9202897817160319,0.5821917369581568
95,0.7454970024311108,0.725,0.6020408163265306,0.8571428571428571,0.6,0.9662921348314607,0.5063618240322543,4.756289490615018e-05,0.7863722719075599,0.75052160901835,0.5074459891738551,0.7615147311657677,0.6864864456683735,0.9202897817160319,0.6027396806155035
96,0.7434755327411398,0.725,0.5714285714285714,0.8571428571428571,0.5,0.9662921348314607,0.5071057622675016,4.7090532461879775e-05,0.7767529913490496,0.7554396417619308,0.5035909189219446,0.7478161020608699,0.6719576328490267,0.9202897817160319,0.5753424224057079
97,0.7454970028798285,0.7,0.5816326530612245,0.8571428571428571,0.5,0.9325842696629213,0.504896871567969,4.6627461415482685e-05,0.7687633791639332,0.7344262280380672,0.5352136768545017,0.7343160037967399,0.6564102193819876,0.9275361579500164,0.5410958496434634
98,0.7444723264186864,0.7,0.6122448979591837,0.8571428571428571,0.5,0.9213483146067416,0.5050938070593195,4.6173408918548375e-05,0.7734084977688224,0.7402384495903944,0.5217872937994102,0.7411653183491889,0.6632123974334903,0.9275361579500164,0.5547944787483612
99,0.746912031406042,0.7,0.5510204081632653,0.8571428571428571,0.5,0.9213483146067416,0.5040863131389913,4.5728113036602736e-05,0.7610565875014594,0.7362146038845203,0.5255813838361628,0.7208159055326099,0.6417910096532283,0.9347825341840009,0.5068492768812188
100,0.7449463265353992,0.725,0.5918367346938775,0.8571428571428571,0.5,0.9550561797752809,0.5069201509855822,4.5291322749108076e-05,0.7818127770063281,0.7494783900045248,0.5137552541920751,0.75163782101863,0.6718749615071636,0.9347825341840009,0.568493107853259
101,0.7459570607197729,0.725,0.6224489795918368,1.0,0.5,0.9662921348314607,0.5057356660957368,4.4862801587441936e-05,0.7912718124609109,0.7560357685948982,0.5027248500256443,0.7683640457182166,0.6939890293230638,0.9202897817160319,0.6164383097204014
102,0.7464310607367707,0.7125,0.6020408163265306,0.8571428571428571,0.6,0.9325842696629213,0.5050459757029686,4.4442313082981855e-05,0.7794507934394407,0.742622948677769,0.5234992485465663,0.7482131637424054,0.6683937442884395,0.9347825341840009,0.56164379330081
103,0.7471629719712255,0.7,0.6122448979591837,0.8571428571428571,0.5,0.9662921348314607,0.505627302059515,4.402963168104179e-05,0.7815330336937572,0.743815198046573,0.5121034968605518,0.7546654166133189,0.6791443450770706,0.9202897817160319,0.5890410515106057
104,0.746716854937253,0.7625,0.6224489795918368,0.8571428571428571,0.5,0.9775280898876404,0.5048524416400418,4.362454637885094e-05,0.8024637020631766,0.7590163909398496,0.5021829647407624,0.7792336100691934,0.6989246898485398,0.9420289104179854,0.6164383097204014
105,0.7461940610523455,0.725,0.5510204081632653,0.8571428571428571,0.6,0.9213483146067416,0.5053384547101958,4.322684253565967e-05,0.7636309600375036,0.739642321369465,0.5248472333043236,0.7304942848389799,0.6562499624023459,0.9130434054820474,0.5479451641959123
106,0.7462846788338965,0.725,0.5816326530612245,0.8571428571428571,0.5,0.9550561797752809,0.5049104684818145,4.283632733859122e-05,0.7753791879567724,0.7551415772711645,0.5012460104044077,0.7476175712201021,0.6737967518087472,0.9130434054820474,0.5821917369581568
107,0.7472535907499265,0.7125,0.6428571428571429,0.8571428571428571,0.5,0.9662921348314607,0.5039072621571674,4.2452804336789995e-05,0.7912718124609109,0.7554396394357064,0.5033493130377614,0.7683640457182166,0.6939890293230638,0.9202897817160319,0.6164383097204014
108,0.7464798553774716,0.7125,0.5714285714285714,0.8571428571428571,0.6,0.9662921348314607,0.503736067683265,4.207608799333684e-05,0.7767529913490496,0.7521609523501552,0.5064547267283039,0.7478161020608699,0.6719576328490267,0.9202897817160319,0.5753424224057079
109,0.7469817375548461,0.7375,0.5612244897959183,0.8571428571428571,0.6,0.9662921348314607,0.5046626221979078,4.17059964092914e-05,0.7804823908012447,0.7472429203061073,0.515295648583712,0.7514392901778622,0.673684171523548,0.9275361579500164,0.5753424224057079
110,0.7476718245765147,0.7125,0.5918367346938775,0.8571428571428571,0.5,0.9662921348314607,0.503912160818869,4.1342365875607356e-05,0.7777723457162036,0.7573770487350696,0.49840809206093833,0.7510422284963265,0.677419314776277,0.9130434054820474,0.5890410515106057
111,0.746270737878352,0.725,0.6224489795918368,0.8571428571428571,0.6,0.9662921348314607,0.5046136021140428,4.098501813132316e-05,0.7912718124609109,0.7609537997950652,0.4976304422025798,0.7683640457182166,0.6939890293230638,0.9202897817160319,0.6164383097204014
112,0.7461592076414053,0.725,0.5918367346938775,0.8571428571428571,0.6,0.9662921348314607,0.5044631827381155,4.063378946739249e-05,0.7839451848029402,0.7549925468218043,0.5058083824435841,0.7580900738895433,0.6827956585443428,0.9202897817160319,0.5958903660630546
113,0.7465495610277008,0.6875,0.5714285714285714,0.8571428571428571,0.5,0.9662921348314607,0.503987043697133,4.0288534364663064e-05,0.7696915656937738,0.7499254821298641,0.5025992263524881,0.7375421302321965,0.6614582954372852,0.9202897817160319,0.5547944787483612
114,0.7466820021246029,0.7375,0.6122448979591837,1.0,0.6,0.9775280898876404,0.5046224062261299,3.994909275206737e-05,0.7975023416286249,0.7681073006658903,0.49004322665725486,0.7754118911114334,0.6994535098689147,0.9275361579500164,0.6232876242728502
115,0.746445001517814,0.7125,0.5612244897959183,0.8571428571428571,0.5,0.9550561797752809,0.5029125206393709,3.961533002438955e-05,0.7724497048308206,0.7451564808349762,0.5150315563032062,0.7379391919137321,0.6581632283683903,0.9347825341840009,0.5410958496434634
116,0.7461940608279868,0.7375,0.6224489795918368,0.8571428571428571,0.5,0.9550561797752809,0.5037044184893955,3.928709702449851e-05,0.7888144341635571,0.7555886717893505,0.5027834364947281,0.7649393884419922,0.6902173500413541,0.9202897817160319,0.6095889951679524
117,0.7457549146207891,0.725,0.6326530612244898,0.8571428571428571,0.6,0.9662921348314607,0.5040929018204704,3.8964255509199575e-05,0.7937445494507346,0.7536512656323334,0.5046144671482763,0.771788702994441,0.6978021556273423,0.9202897817160319,0.6232876242728502
118,0.7488777369248324,0.7375,0.6224489795918368,1.0,0.5,0.9662921348314607,0.5018555045950518,3.8646674511255696e-05,0.7924473713433576,0.7667660199483265,0.4904238469426794,0.7715901721536733,0.6999999572222249,0.9130434054820474,0.6301369388252991
119,0.7481806777302364,0.7125,0.5918367346938775,0.8571428571428571,0.5,0.9662921348314607,0.5028655815702858,3.833423033938743e-05,0.7831271347439474,0.750074515921437,0.5069418159964454,0.7518363518593978,0.6701030547879712,0.9420289104179854,0.56164379330081
120,0.7463195308238978,0.7125,0.5510204081632653,0.8571428571428571,0.5,0.9325842696629213,0.5022948792368634,3.8026802940294147e-05,0.7683230960539454,0.7353204146094188,0.5222133769807802,0.7280622817665944,0.6453201620762474,0.9492752866519699,0.5068492768812188
121,0.7480342953786447,0.7,0.5816326530612245,0.8571428571428571,0.5,0.9550561797752809,0.5009223155300271,3.7724261346738786e-05,0.7720310653081744,0.7429210124967617,0.5094075855339604,0.7409667875084209,0.6649214276746822,0.9202897817160319,0.56164379330081
122,0.7468562666365712,0.7125,0.5918367346938775,0.8571428571428571,0.5,0.9775280898876404,0.5029278116987022,3.7426496419357136e-05,0.7841891192058439,0.7505216057705186,0.5029273285307045,0.7550624782948544,0.6753926312601103,0.9347825341840009,0.5753424224057079
123,0.7474627076756849,0.725,0.5816326530612245,0.8571428571428571,0.6,0.9325842696629213,0.502722965392145,3.713339538080618e-05,0.7784377283882123,0.7409836035582685,0.5151939293988682,0.7449870373069489,0.6632652688983778,0.9420289104179854,0.5479451641959123
124,0.747274501410452,0.725,0.5612244897959183,0.8571428571428571,0.5,0.9662921348314607,0.5025021768748037,3.68448490917217e-05,0.777103038757875,0.7496274193102042,0.5077773594532035,0.744788506466181,0.6649484159049868,0.9347825341840009,0.5547944787483612
125,0.7487871191432814,0.7375,0.5816326530612245,0.8571428571428571,0.6,0.9662921348314607,0.5017644761995709,3.65607556886971e-05,0.7865799513675861,0.7566318891653805,0.49814527209753784,0.7584871355710789,0.6789473291135757,0.9347825341840009,0.5821917369581568
126,0.747643942017278,0.725,0.6428571428571429,0.8571428571428571,0.5,0.9438202247191011,0.5023328425220145,3.6281009670346975e-05,0.7874945498807132,0.7506706401950023,0.5065881239441841,0.7647408576012245,0.6923076504649223,0.9130434054820474,0.6164383097204014
127,0.7481179425328509,0.7125,0.5816326530612245,0.8571428571428571,0.6,0.9325842696629213,0.5009620440948563,3.600550917326473e-05,0.7747693847728585,0.7417287609960479,0.5226587491046121,0.7413638491899566,0.6615384242209094,0.9347825341840009,0.5479451641959123
128,0.746654119390865,0.7125,0.6122448979591837,0.8571428571428571,0.5,0.9550561797752809,0.5023958329898152,3.573415961000137e-05,0.7801803218651991,0.7563338287885338,0.4979073795838345,0.7544668857725509,0.6810810405843706,0.9130434054820474,0.5958903660630546
129,0.7485710307176718,0.725,0.6122448979591837,0.8571428571428571,0.5,0.9662921348314607,0.501474166093437,3.5466873669065535e-05,0.7863722719075599,0.7575260801560033,0.4945959775041006,0.7615147311657677,0.6864864456683735,0.9202897817160319,0.6027396806155035
130,0.7476509134672716,0.725,0.5918367346938775,0.8571428571428571,0.8,0.9325842696629213,0.5012760997715977,3.520355676300824e-05,0.7854930891100631,0.7427719794324809,0.521879261079204,0.7552610091356222,0.6735750911433885,0.9420289104179854,0.568493107853259
131,0.7483410019846652,0.7,0.5918367346938775,0.8571428571428571,0.5,0.9662921348314607,0.5023008851215262,3.494411430438049e-05,0.7794507934394407,0.7497764502814381,0.5037056096453336,0.7482131637424054,0.6683937442884395,0.9347825341840009,0.56164379330081
132,0.7481527958440761,0.7125,0.5612244897959183,0.8571428571428571,0.6,0.9438202247191011,0.501298505932853,3.468847353360616e-05,0.7724497048308206,0.7445603561450224,0.5117873536914187,0.7379391919137321,0.6581632283683903,0.9347825341840009,0.5410958496434634
133,0.7490520008634394,0.7125,0.6122448979591837,0.8571428571428571,0.6,0.9662921348314607,0.500065709247294,3.443654713919386e-05,0.7850412832932013,0.7526080461965676,0.49797397650967057,0.7613162003249999,0.6885245487772129,0.9130434054820474,0.6095889951679524
134,0.7499930293726552,0.7,0.6122448979591837,0.8571428571428571,0.5,0.9662921348314607,0.5002904439486006,3.4188251447631046e-05,0.7828691988883425,0.7524590143481417,0.5017326121536346,0.7548639474540866,0.6772486378320899,0.9275361579500164,0.5821917369581568
135,0.7487383239790766,0.7125,0.5816326530612245,0.8571428571428571,0.5,0.9662921348314607,0.5004408001426073,3.394351006136276e-05,0.7767529913490496,0.7523099831714893,0.4982012101683638,0.7478161020608699,0.6719576328490267,0.9202897817160319,0.5753424224057079
136,0.7497002649187593,0.7125,0.5816326530612245,0.8571428571428571,0.7,0.9662921348314607,0.5009162077989503,3.370225022081286e-05,0.7815330336937572,0.7515648280654863,0.502210192809828,0.7546654166133189,0.6791443450770706,0.9202897817160319,0.5890410515106057
137,0.7481040013030901,0.7,0.5816326530612245,0.8571428571428571,0.5,0.9775280898876404,0.5015681569344924,3.346439189044759e-05,0.7794507934394407,0.753502232917819,0.49917044539432054,0.7482131637424054,0.6683937442884395,0.9347825341840009,0.56164379330081
138,0.7485152647765497,0.6875,0.6428571428571429,0.8571428571428571,0.5,0.9325842696629213,0.5012905874520552,3.322986958664842e-05,0.7791356811315141,0.7448584189091638,0.5131362318637297,0.7512407593370944,0.6755318753678158,0.9202897817160319,0.5821917369581568
139,0.7494493239547159,0.7,0.6122448979591837,0.8571428571428571,0.5,0.9662921348314607,0.4993449116491065,3.299861418781802e-05,0.7828691988883425,0.7548435169331807,0.5000346090461387,0.7548639474540866,0.6772486378320899,0.9275361579500164,0.5821917369581568
140,0.7493865886326865,0.725,0.6020408163265306,0.8571428571428571,0.7,0.9550561797752809,0.5002299534606415,3.277055293438025e-05,0.7889854064276397,0.7536512653491891,0.506393842376913,0.7619117928473034,0.6825396428151531,0.9347825341840009,0.5890410515106057
141,0.7479088251334461,0.7,0.5816326530612245,0.8571428571428571,0.6,0.9213483146067416,0.5010699409413467,3.2545620342716575e-05,0.7687633791639332,0.7408345734087082,0.5203749499937461,0.7343160037967399,0.6564102193819876,0.9275361579500164,0.5410958496434634
142,0.750250940914186,0.725,0.5816326530612245,0.8571428571428571,0.5,0.9662921348314607,0.49983135288303143,3.2323758205166087e-05,0.7818127770063281,0.7499254829681933,0.5034251111752497,0.75163782101863,0.6718749615071636,0.9347825341840009,0.568493107853259
143,0.7473163248255182,0.725,0.6122448979591837,0.8571428571428571,0.6,0.9550561797752809,0.5009628631663791,3.210489740013145e-05,0.7836936054852585,0.7570789859154097,0.49726026595726985,0.7611176694842321,0.6906076928359965,0.9057970292480629,0.6164383097204014
144,0.7487383247518679,0.7125,0.6122448979591837,0.8571428571428571,0.7,0.9775280898876404,0.49981006187208027,3.188897971995175e-05,0.7925642219499257,0.7661698968628569,0.4892321254741595,0.7685625765589844,0.6918918507523765,0.9275361579500164,0.6095889951679524
145,0.7498257349395991,0.7,0.6020408163265306,0.8571428571428571,0.7,0.9775280898876404,0.4991178561059664,3.167595059494488e-05,0.7836936054852585,0.7648286127864249,0.48862312659177093,0.7611176694842321,0.6906076928359965,0.9057970292480629,0.6164383097204014
146,0.7489683537840195,0.6875,0.5918367346938775,0.8571428571428571,0.5,0.9550561797752809,0.5002141682635985,3.146574817947112e-05,0.7692253422197924,0.7530551417473975,0.5023923292756081,0.7405697258268854,0.6684491585404239,0.9057970292480629,0.5753424224057079
147,0.7489613833561047,0.725,0.6428571428571429,0.8571428571428571,0.7,0.9775280898876404,0.5000087934675101,3.125831426586956e-05,0.798716565480986,0.7695976167462,0.4867471846156433,0.7816656131415789,0.714285669387758,0.9057970292480629,0.6575341970350947
148,0.7479436781205976,0.725,0.5816326530612245,0.8571428571428571,0.5,0.9550561797752809,0.5024434790632207,3.105359792243689e-05,0.7807753903817883,0.7478390451404092,0.5066342100212364,0.7484116945831734,0.6666666290598312,0.9420289104179854,0.5547944787483612
149,0.7509410293567933,0.725,0.6632653061224489,0.8571428571428571,0.6,0.9662921348314607,0.4978584001773274,3.0851548217469826e-05,0.7999945284720282,0.7606557372196865,0.4966534019771258,0.7818641439823466,0.7118643625395029,0.9130434054820474,0.6506848824826459
150,0.749553882417595,0.725,0.6530612244897959,0.8571428571428571,0.6,0.9662921348314607,0.4993030033765703,3.065211058128625e-05,0.7999945490207605,0.7608047687738645,0.5002723010603877,0.7788365483876578,0.7032966607897623,0.9275361579500164,0.6301369388252991
151,0.7490171473527842,0.6875,0.6122448979591837,0.8571428571428571,0.5,0.9550561797752809,0.49984202721237586,3.045523408218287e-05,0.7753791879567724,0.7561847965237192,0.49852115550424053,0.7476175712201021,0.6737967518087472,0.9130434054820474,0.5821917369581568
152,0.7518472049037864,0.725,0.6020408163265306,0.8571428571428571,0.5,0.9662921348314607,0.4978736649243615,3.026086778845638e-05,0.7891512307300242,0.7523099846871439,0.5017123389628267,0.7588841972526145,0.6752576936709556,0.9492752866519699,0.568493107853259
153,0.7494981179472693,0.7,0.6122448979591837,0.8571428571428571,0.6,0.9775280898876404,0.5003178613871921,3.0068969863350503e-05,0.7850412832932013,0.7599105798929441,0.49407755393096303,0.7613162003249999,0.6885245487772129,0.9130434054820474,0.6095889951679524
154,0.750529764836326,0.7,0.5816326530612245,0.8571428571428571,0.5,0.9662921348314607,0.4987869945493815,2.987948937516194e-05,0.7757521713500487,0.7508196718102507,0.5040957572607632,0.7445899756254133,0.6666666284722244,0.9275361579500164,0.56164379330081
155,0.7505227940594088,0.7125,0.6122448979591837,0.8571428571428571,0.6,0.9662921348314607,0.4976019446244553,2.9692380849155597e-05,0.7876868794307467,0.7551415790866188,0.4956712903768579,0.7617132620065354,0.684491938345394,0.9275361579500164,0.5958903660630546
156,0.749470235163674,0.75,0.6020408163265306,0.8571428571428571,0.6,0.9550561797752809,0.49947105812408193,2.9507604267564602e-05,0.7914056189532143,0.7464977630681945,0.5081955917990154,0.7653364501235278,0.6861701726177026,0.9347825341840009,0.5958903660630546
157,0.7498536178976958,0.725,0.5816326530612245,0.8571428571428571,0.6,0.9662921348314607,0.499826258405987,2.9325108698685654e-05,0.7815330336937572,0.7503725749658401,0.502690589274717,0.7546654166133189,0.6791443450770706,0.9202897817160319,0.5890410515106057
158,0.7512128817292248,0.7125,0.6122448979591837,0.8571428571428571,0.5,0.9662921348314607,0.49954107633099704,2.9144861400709487e-05,0.785270650042362,0.7533532019021703,0.4959191871715374,0.758288604730311,0.6808510239927592,0.9275361579500164,0.5890410515106057
159,0.7501882059910167,0.725,0.6020408163265306,0.8571428571428571,0.6,0.9662921348314607,0.4977806474762649,2.896681326092221e-05,0.7863722719075599,0.7631892708869965,0.4900044404780811,0.7615147311657677,0.6864864456683735,0.9202897817160319,0.6027396806155035
160,0.7490520007637244,0.7125,0.5918367346938775,0.8571428571428571,0.5,0.9662921348314607,0.5005157102306036,2.8790927899535745e-05,0.7777723457162036,0.7526080438148247,0.5018607937354711,0.7510422284963265,0.677419314776277,0.9130434054820474,0.5890410515106057
161,0.7510316469887718,0.725,0.6122448979591837,0.8571428571428571,0.6,0.9662921348314607,0.49779946109282325,2.8617167117772624e-05,0.7888144341635571,0.756184799166399,0.4994837505917791,0.7649393884419922,0.6902173500413541,0.9202897817160319,0.6095889951679524
162,0.7496654117321778,0.7,0.6326530612244898,0.8571428571428571,0.5,0.9213483146067416,0.49853988330217647,2.8445489078876562e-05,0.7794507934394407,0.7390461983561694,0.5202832369664031,0.7482131637424054,0.6683937442884395,0.9347825341840009,0.56164379330081
163,0.7507876761036406,0.725,0.5714285714285714,0.8571428571428571,0.6,0.9550561797752809,0.4969227056730646,2.8275859222048894e-05,0.7794507934394407,0.742324884031551,0.5046221281328251,0.7482131637424054,0.6683937442884395,0.9347825341840009,0.56164379330081
164,0.751380176062566,0.6875,0.5510204081632653,0.8571428571428571,0.5,0.9325842696629213,0.4972933932658969,2.810824298649095e-05,0.7624579937933242,0.737853946583415,0.5149682479981339,0.7210144363733777,0.6403940539687951,0.9420289104179854,0.49999996232877
165,0.750543705667227,0.7,0.5918367346938775,0.8571428571428571,0.5,0.9325842696629213,0.4978904122465677,2.794259853544645e-05,0.7724497048308206,0.7403874807892542,0.5153163749108371,0.7379391919137321,0.6581632283683903,0.9347825341840009,0.5410958496434634
166,0.7503136760617141,0.7125,0.5918367346938775,0.8571428571428571,0.6,0.9662921348314607,0.4973466346100353,2.7778896765084937e-05,0.7815330336937572,0.7506706409222945,0.5021497291553039,0.7546654166133189,0.6791443450770706,0.9202897817160319,0.5890410515106057
167,0.7500000002492875,0.75,0.6632653061224489,0.8571428571428571,0.7,0.9438202247191011,0.4989104300600273,2.761710129561834e-05,0.8025422950586995,0.758569302523145,0.4980714361553931,0.785288801258571,0.7159090461647756,0.9130434054820474,0.6575341970350947
168,0.7494562951803506,0.7375,0.6224489795918368,0.8571428571428571,0.6,0.9550561797752809,0.49826644936250075,2.74571812042268e-05,0.7912718124609109,0.7558867372572422,0.4941764060413429,0.7683640457182166,0.6939890293230638,0.9202897817160319,0.6164383097204014
169,0.7505506761948567,0.7375,0.5816326530612245,0.8571428571428571,0.6,0.9662921348314607,0.4973926465663886,2.7299100111122243e-05,0.7865799513675861,0.7540983586071056,0.49873085179534116,0.7584871355710789,0.6789473291135757,0.9347825341840009,0.5821917369581568
170,0.7497560290650113,0.7125,0.5510204081632653,0.8571428571428571,0.6,0.9550561797752809,0.4998940834312048,2.714283073146362e-05,0.7696915656937738,0.7478390454568646,0.5039635092664049,0.7375421302321965,0.6614582954372852,0.9202897817160319,0.5547944787483612
171,0.7508573821776584,0.725,0.5714285714285714,0.8571428571428571,0.5,0.9438202247191011,0.49697188242166823,2.6988340323441662e-05,0.776114022651858,0.7494783878004408,0.5043643460277296,0.7415623800307244,0.6598984403102394,0.9420289104179854,0.5410958496434634
172,0.7509479995104918,0.7125,0.6020408163265306,0.8571428571428571,0.6,0.9662921348314607,0.4973659229822011,2.683559614524711e-05,0.7826032544639918,0.7636363621740068,0.49027995348820563,0.7578915430487755,0.6847825677575639,0.9130434054820474,0.6027396806155035
173,0.7513383528469297,0.6875,0.5918367346938775,0.8571428571428571,0.5,0.9662921348314607,0.4974072776744177,2.6684574550017715e-05,0.7743848302349076,0.7503725759485173,0.49990958061441226,0.7443914447846455,0.6684210139335203,0.9202897817160319,0.568493107853259
174,0.7514219990289146,0.7125,0.6632653061224489,0.8571428571428571,0.6,0.9438202247191011,0.49718526488116277,2.6535239157965407e-05,0.7937445494507346,0.7567809225239093,0.4989675116543443,0.771788702994441,0.6978021556273423,0.9202897817160319,0.6232876242728502
175,0.7501812350395981,0.725,0.6122448979591837,0.8571428571428571,0.5,0.9662921348314607,0.4969011383393677,2.6387568141217344e-05,0.7863722719075599,0.7621460516955121,0.4888988476962784,0.7615147311657677,0.6864864456683735,0.9202897817160319,0.6027396806155035
176,0.7508922354639549,0.7125,0.6020408163265306,0.8571428571428571,0.6,0.9775280898876404,0.4973265369384172,2.624153421493247e-05,0.7836936054852585,0.7637853954603615,0.4922073363547176,0.7611176694842321,0.6906076928359965,0.9057970292480629,0.6164383097204014
177,0.7505158237312091,0.725,0.6122448979591837,0.8571428571428571,0.7,0.9550561797752809,0.4970525068899719,2.6097104637301527e-05,0.7901180238896813,0.7521609501349678,0.5057893455383852,0.76513791928276,0.6881720023124085,0.9275361579500164,0.6027396806155035
178,0.7510386174665441,0.6875,0.6326530612244898,0.8571428571428571,0.5,0.9550561797752809,0.4979840035420589,2.5954255761462264e-05,0.7854930891100631,0.7481371063666887,0.5030254249956497,0.7552610091356222,0.6735750911433885,0.9420289104179854,0.568493107853259
179,0.7510804411807552,0.7125,0.6530612244897959,0.8571428571428571,0.6,0.9325842696629213,0.4968454359540975,2.5812963940552436e-05,0.7888144341635571,0.7505216088406909,0.5046138160163883,0.7649393884419922,0.6902173500413541,0.9202897817160319,0.6095889951679524
180,0.7510664993527044,0.7,0.6224489795918368,0.8571428571428571,0.5,0.9438202247191011,0.49710977084962754,2.567320188973099e-05,0.7831271347439474,0.7450074486589912,0.5052256747391825,0.7518363518593978,0.6701030547879712,0.9420289104179854,0.56164379330081
181,0.7505646168512562,0.725,0.6122448979591837,0.8571428571428571,0.6,0.9325842696629213,0.49730572378670307,2.5534944143146276e-05,0.7815330336937572,0.7500745135730051,0.5033773186043371,0.7546654166133189,0.6791443450770706,0.9202897817160319,0.5890410515106057
182,0.7510734705534104,0.7,0.6122448979591837,0.8571428571428571,0.5,0.9662921348314607,0.4963280977015214,2.539816705393605e-05,0.7801803218651991,0.7567809221186244,0.4933881059055801,0.7544668857725509,0.6810810405843706,0.9130434054820474,0.5958903660630546
183,0.7514010874460253,0.7125,0.6020408163265306,0.8571428571428571,0.5,0.9662921348314607,0.49663461562182204,2.5262848794227466e-05,0.7815330336937572,0.7542473906276389,0.4924353155045147,0.7546654166133189,0.6791443450770706,0.9202897817160319,0.5890410515106057
184,0.7503485293729392,0.725,0.6122448979591837,0.8571428571428571,0.6,0.9550561797752809,0.49696779281013137,2.5128963898168877e-05,0.7902681461546851,0.748137106833044,0.5042036872429304,0.7621103236880711,0.6806282330528243,0.9420289104179854,0.5821917369581568
185,0.749686324038001,0.7,0.6122448979591837,0.8571428571428571,0.5,0.9775280898876404,0.4975393594358317,2.4996492356876843e-05,0.785270650042362,0.7561847969678671,0.4944376231472378,0.758288604730311,0.6808510239927592,0.9275361579500164,0.5890410515106057
186,0.7517008230756985,0.7375,0.6122448979591837,0.8571428571428571,0.5,0.9662921348314607,0.497294817557648,2.4865410523489118e-05,0.7888144341635571,0.7619970203189932,0.4903155594020416,0.7649393884419922,0.6902173500413541,0.9202897817160319,0.6095889951679524
187,0.7496932940171982,0.725,0.6530612244897959,0.8571428571428571,0.6,0.9662921348314607,0.49679456863728394,2.4735694751143456e-05,0.7987366790840587,0.7657227998019241,0.48632256331924356,0.77863801754689,0.7055555124382742,0.9202897817160319,0.6369862533777481
188,0.7521539113602345,0.6875,0.6326530612244898,0.8571428571428571,0.6,0.9550561797752809,0.4972260123463866,2.4607323211967014e-05,0.7839451848029402,0.7549925491979954,0.4992623557787716,0.7580900738895433,0.6827956585443428,0.9202897817160319,0.5958903660630546
189,0.7523699980906889,0.7,0.6020408163265306,0.8571428571428571,0.6,0.9775280898876404,0.4956559280704026,2.4480281354044564e-05,0.7812445503106964,0.7645305509438902,0.48652833920588434,0.7576930122080077,0.6868131453025023,0.9057970292480629,0.6095889951679524
190,0.7510804415546866,0.7125,0.6122448979591837,0.8571428571428571,0.5,0.9438202247191011,0.4957097850300587,2.4354541892535053e-05,0.7818127770063281,0.7456035747924256,0.5049640197645534,0.75163782101863,0.6718749615071636,0.9347825341840009,0.568493107853259
191,0.7525303218714715,0.6875,0.6020408163265306,0.8571428571428571,0.5,0.9662921348314607,0.4950439381280338,2.423008845653385e-05,0.7767529913490496,0.7570789871368163,0.49380261503748496,0.7478161020608699,0.6719576328490267,0.9202897817160319,0.5753424224057079
192,0.7515823231337709,0.6875,0.6326530612244898,0.8571428571428571,0.7,0.9213483146067416,0.4951829560527937,2.4106901037157513e-05,0.7777723457162036,0.7388971706438704,0.5161355246086057,0.7510422284963265,0.677419314776277,0.9130434054820474,0.5890410515106057
193,0.7523630281613493,0.7,0.6020408163265306,0.8571428571428571,0.6,0.9775280898876404,0.49506496673894695,2.3984959625522606e-05,0.785270650042362,0.7570789853380174,0.4939158721958827,0.758288604730311,0.6808510239927592,0.9275361579500164,0.5890410515106057
194,0.7501185001164289,0.7125,0.5918367346938775,0.8571428571428571,0.6,0.9775280898876404,0.4955248301844874,2.386424421274569e-05,0.7839451848029402,0.7593144558081417,0.4942628591586509,0.7580900738895433,0.6827956585443428,0.9202897817160319,0.5958903660630546
195,0.7496235886411854,0.7125,0.6020408163265306,0.8571428571428571,0.6,0.9438202247191011,0.4965776136010225,2.374473842792213e-05,0.7818127770063281,0.7490312940262025,0.5078296424424062,0.75163782101863,0.6718749615071636,0.9347825341840009,0.568493107853259
196,0.7520493521245639,0.725,0.6020408163265306,0.8571428571428571,0.6,0.9550561797752809,0.49605473113179654,2.3626425900147296e-05,0.7839451848029402,0.7533532048335463,0.4977653688971847,0.7580900738895433,0.6827956585443428,0.9202897817160319,0.5958903660630546
197,0.7517635581484403,0.7,0.5714285714285714,0.8571428571428571,0.5,0.9662921348314607,0.4956625871631402,2.3509282982558943e-05,0.7734084977688224,0.7491803267129576,0.49999478160113586,0.7411653183491889,0.6632123974334903,0.9275361579500164,0.5547944787483612
198,0.7522027051284292,0.7,0.6428571428571429,0.8571428571428571,0.7,0.9325842696629213,0.49536411757750376,2.339329876122065e-05,0.7850412832932013,0.7490312942094135,0.5062998744885364,0.7613162003249999,0.6885245487772129,0.9130434054820474,0.6095889951679524
199,0.7516659694653284,0.7125,0.6632653061224489,0.8571428571428571,0.6,0.9325842696629213,0.49597689667689354,2.3278453227248974e-05,0.7899631975290665,0.7509687011048264,0.5082956120016501,0.7681655148774489,0.6961325543786845,0.9130434054820474,0.6232876242728502
200,0.7519517640148132,0.725,0.6632653061224489,0.8571428571428571,0.6,0.9438202247191011,0.49669257887034973,2.3164728190749884e-05,0.794947218259671,0.7535022373204349,0.4969439974329511,0.7750148294298977,0.7039105712680654,0.9130434054820474,0.6369862533777481
201,0.7525930582405084,0.725,0.5918367346938775,0.8571428571428571,0.6,0.9662921348314607,0.49583953964266503,2.305210909980815e-05,0.7826032544639918,0.7628912052692048,0.4894663996095096,0.7578915430487755,0.6847825677575639,0.9130434054820474,0.6027396806155035
202,0.7510246753892057,0.75,0.6020408163265306,0.8571428571428571,0.6,0.9662921348314607,0.49609472094994117,2.294057958351914e-05,0.7938407251677402,0.7548435179769282,0.4975850985298036,0.7687611073997522,0.6898395316137174,0.9347825341840009,0.6027396806155035
203,0.7512686462244794,0.7125,0.6326530612244898,0.8571428571428571,0.6,0.9775280898876404,0.4958435929828685,2.2830125089967623e-05,0.7950256138631269,0.7608047689515237,0.49339040412655,0.771987233835209,0.6956521323251442,0.9275361579500164,0.6164383097204014
204,0.7519866164535322,0.7125,0.6632653061224489,0.8571428571428571,0.6,0.9213483146067416,0.49471155292615887,2.2720729248248972e-05,0.7901180238896813,0.7475409817988755,0.5090560767405434,0.76513791928276,0.6881720023124085,0.9275361579500164,0.6027396806155035
205,0.7517705288256427,0.725,0.6122448979591837,0.8571428571428571,0.6,0.9550561797752809,0.49603131749997925,2.261237386846915e-05,0.7850412832932013,0.754247391760216,0.49797932037475745,0.7613162003249999,0.6885245487772129,0.9130434054820474,0.6095889951679524
206,0.7512616764696409,0.7,0.6428571428571429,0.8571428571428571,0.6,0.9325842696629213,0.4942876377623234,2.250505167467054e-05,0.7839451848029402,0.7482861380374556,0.5085398581117703,0.7580900738895433,0.6827956585443428,0.9202897817160319,0.5958903660630546
207,0.7519517638901695,0.725,0.6020408163265306,0.8571428571428571,0.6,0.9213483146067416,0.495107650295654,2.2398740838980302e-05,0.7781100922570068,0.7418777915564451,0.5150385495447366,0.7480146329016377,0.6701570294673962,0.9275361579500164,0.568493107853259
208,0.7518332640479569,0.725,0.5918367346938775,0.8571428571428571,0.5,0.9662921348314607,0.49521714684505536,2.2293430447462015e-05,0.7828691988883425,0.7561847961684008,0.4937470825402907,0.7548639474540866,0.6772486378320899,0.9275361579500164,0.5821917369581568
209,0.7516311171263245,0.7375,0.6836734693877551,0.8571428571428571,0.6,0.9101123595505618,0.49546945991250874,2.2189104129211046e-05,0.7882681152642789,0.7542473873187373,0.5030665181232991,0.7740221752260588,0.71597628475894,0.8768115243121248,0.6712328261399926
210,0.7534086162801669,0.7125,0.6326530612244898,0.8571428571428571,0.6,0.9550561797752809,0.49334441637055537,2.2085750970290974e-05,0.786158063602661,0.7582712366610721,0.4931910859890027,0.7645423267604565,0.6944444020061754,0.9057970292480629,0.6232876242728502
211,0.7514917053771487,0.7125,0.6632653061224489,0.8571428571428571,0.6,0.9325842696629213,0.49477404433281935,2.198335641878657e-05,0.7912718124609109,0.7515648263222059,0.506507272047897,0.7683640457182166,0.6939890293230638,0.9202897817160319,0.6164383097204014
212,0.7532413218471108,0.725,0.6428571428571429,0.8571428571428571,0.6,0.9438202247191011,0.49546560090438735,2.1881905922782607e-05,0.7925642219499257,0.7499254838675927,0.5004020262337477,0.7685625765589844,0.6918918507523765,0.9275361579500164,0.6095889951679524
213,0.7520284401926721,0.7125,0.6122448979591837,0.8571428571428571,0.6,0.9550561797752809,0.49546177196034025,2.1781388568342663e-05,0.7865799513675861,0.7488822624387134,0.5014118159248114,0.7584871355710789,0.6789473291135757,0.9347825341840009,0.5821917369581568
214,0.7514917051278612,0.7125,0.6224489795918368,0.8571428571428571,0.6,0.9438202247191011,0.4962768265887914,2.168178980355151e-05,0.7839451848029402,0.749180328495101,0.5050120826938291,0.7580900738895433,0.6827956585443428,0.9202897817160319,0.5958903660630546
215,0.7516799111936642,0.7125,0.5816326530612245,0.8571428571428571,0.6,0.9213483146067416,0.4963053168237384,2.1583098714472726e-05,0.7710789427718069,0.7444113257567325,0.5089164290427274,0.7377406610729644,0.6597937770220024,0.9275361579500164,0.5479451641959123
216,0.7518750875627381,0.7125,0.673469387755102,0.8571428571428571,0.6,0.9438202247191011,0.49491958651070017,2.148529893020168e-05,0.794947218259671,0.754098359656405,0.4962175420073212,0.7750148294298977,0.7039105712680654,0.9130434054820474,0.6369862533777481
217,0.7527603516764144,0.7375,0.5816326530612245,0.8571428571428571,0.6,0.9662921348314607,0.49482908119521146,2.138838499377016e-05,0.7865799513675861,0.7503725770810944,0.5003892432914938,0.7584871355710789,0.6789473291135757,0.9347825341840009,0.5821917369581568
218,0.7515195869641641,0.725,0.5714285714285714,0.8571428571428571,0.6,0.9775280898876404,0.49558737508824857,2.1292340534273535e-05,0.7828691988883425,0.7560357658800443,0.4940396796151352,0.7548639474540866,0.6772486378320899,0.9275361579500164,0.5821917369581568
219,0.7532692042817036,0.7125,0.6122448979591837,0.8571428571428571,0.6,0.9101123595505618,0.494175980014813,2.1197154637775384e-05,0.7743848302349076,0.7397913581035176,0.5164116149110339,0.7443914447846455,0.6684210139335203,0.9202897817160319,0.568493107853259
220,0.752523351318913,0.725,0.6836734693877551,0.8571428571428571,0.6,0.9101123595505618,0.4940040357463881,2.1102816390339285e-05,0.7898034424486359,0.7444113233139191,0.5114617262440894,0.7711931104721377,0.7045454105113664,0.8985506530140783,0.6438355679301969
221,0.751812352315495,0.725,0.6224489795918368,0.8571428571428571,0.6,0.9325842696629213,0.4959421043040014,2.1009313059039414e-05,0.785270650042362,0.7484351698581224,0.5077986018135366,0.758288604730311,0.6808510239927592,0.9275361579500164,0.5890410515106057
222,0.7518890287426414,0.725,0.6530612244897959,0.8571428571428571,0.6,0.9101123595505618,0.4953267563715583,2.0916635548928753e-05,0.7889854064276397,0.7405365129430319,0.5131933334576391,0.7619117928473034,0.6825396428151531,0.9347825341840009,0.5890410515106057
223,0.7521329989048389,0.7125,0.6224489795918368,0.8571428571428571,0.6,0.9438202247191011,0.49427233091062805,2.0824771127081476e-05,0.7839451848029402,0.7496274212422473,0.4995857709033301,0.7580900738895433,0.6827956585443428,0.9202897817160319,0.5958903660630546
224,0.7516450579572252,0.725,0.5510204081632653,0.8571428571428571,0.6,0.9887640449438202,0.4952046812228805,2.0733708879561163e-05,0.7804823908012447,0.7639344251713259,0.489248308573812,0.7514392901778622,0.673684171523548,0.9275361579500164,0.5753424224057079
225,0.7538826164218084,0.7125,0.5918367346938775,0.8571428571428571,0.6,0.9662921348314607,0.4932026578411803,2.06434415304102e-05,0.7815330336937572,0.762444113782328,0.4850503250889913,0.7546654166133189,0.6791443450770706,0.9202897817160319,0.5890410515106057
226,0.7519378226853374,0.7125,0.6122448979591837,0.8571428571428571,0.6,0.9101123595505618,0.49444676734373094,2.0553956346702762e-05,0.7743848302349076,0.7357675114926923,0.516694194491503,0.7443914447846455,0.6684210139335203,0.9202897817160319,0.568493107853259
227,0.7515265579903689,0.7375,0.5714285714285714,0.8571428571428571,0.7,0.9775280898876404,0.49485172940217914,2.0465246052481234e-05,0.7863722719075599,0.7642324875024232,0.4886075743264484,0.7615147311657677,0.6864864456683735,0.9202897817160319,0.6027396806155035
228,0.7528718805672084,0.725,0.6122448979591837,0.8571428571428571,0.6,0.9550561797752809,0.49509555353175044,2.037729609583039e-05,0.7850412832932013,0.7597615491382322,0.489575224960481,0.7613162003249999,0.6885245487772129,0.9130434054820474,0.6095889951679524
229,0.7521817930469649,0.725,0.6326530612244898,0.8571428571428571,0.6,0.9550561797752809,0.4941295498038674,2.0290097381803207e-05,0.7899631975290665,0.7536512659932035,0.4991194327457651,0.7681655148774489,0.6961325543786845,0.9130434054820474,0.6232876242728502
230,0.7533946750254773,0.7,0.673469387755102,0.8571428571428571,0.6,0.9325842696629213,0.4938809262040967,2.020364445343148e-05,0.7899631975290665,0.7497764525799033,0.5074484348963341,0.7681655148774489,0.6961325543786845,0.9130434054820474,0.6232876242728502
231,0.752411822527834,0.7,0.5714285714285714,0.8571428571428571,0.6,0.9887640449438202,0.4942544292251917,2.0117922758799978e-05,0.7804823908012447,0.767809240383425,0.4869558464918957,0.7514392901778622,0.673684171523548,0.9275361579500164,0.5753424224057079
232,0.7526139697236828,0.7375,0.6020408163265306,0.8571428571428571,0.6,0.9550561797752809,0.4946952068197433,2.003292684094049e-05,0.7863722719075599,0.7546944846239513,0.49528967258249773,0.7615147311657677,0.6864864456683735,0.9202897817160319,0.6027396806155035
233,0.7522514989464815,0.725,0.6020408163265306,0.8571428571428571,0.6,0.9662921348314607,0.4941667540459292,1.9948647604906e-05,0.7863722719075599,0.7608047682853019,0.493365429491693,0.7615147311657677,0.6864864456683735,0.9202897817160319,0.6027396806155035
234,0.7537083514860513,0.7125,0.6632653061224489,0.8571428571428571,0.6,0.9550561797752809,0.49326382302579797,1.9865072317770682e-05,0.794947218259671,0.7569299556936753,0.49159278263144984,0.7750148294298977,0.7039105712680654,0.9130434054820474,0.6369862533777481
235,0.752363028485423,0.7125,0.6224489795918368,0.8571428571428571,0.6,0.9550561797752809,0.4942058818527766,1.9782193703576922e-05,0.7850412832932013,0.7542473924264378,0.49480499765778796,0.7613162003249999,0.6885245487772129,0.9130434054820474,0.6095889951679524
236,0.7527812632094463,0.725,0.6428571428571429,0.8571428571428571,0.7,0.9550561797752809,0.4938811152886766,1.970000630535651e-05,0.7936453225665517,0.760655736686709,0.492348768527657,0.7748162985891299,0.7062146453764909,0.9057970292480629,0.6438355679301969
237,0.7519029696732572,0.7125,0.6836734693877551,0.8571428571428571,0.6,0.9438202247191011,0.49483904486817326,1.9618495571194217e-05,0.7935428969778895,0.7578241428535226,0.4997571608282059,0.7778438941838187,0.7151162333355897,0.8913042767800938,0.6643835115875436
238,0.7530809983405444,0.7125,0.6530612244897959,0.8571428571428571,0.6,0.9550561797752809,0.49289969811375695,1.953765968210064e-05,0.7924473713433576,0.7594634846530177,0.49178514680679436,0.7715901721536733,0.6999999572222249,0.9130434054820474,0.6301369388252991
239,0.7531088809745674,0.725,0.6428571428571429,0.8571428571428571,0.6,0.9550561797752809,0.49407618155991967,1.9457484086160548e-05,0.7924473713433576,0.7572280170698547,0.4943981088042792,0.7715901721536733,0.6999999572222249,0.9130434054820474,0.6301369388252991
240,0.7518890276956339,0.725,0.5918367346938775,0.8571428571428571,0.7,0.9662921348314607,0.49277676919273433,1.9377965145395137e-05,0.7836936054852585,0.7651266753173888,0.4827260449473176,0.7611176694842321,0.6906076928359965,0.9057970292480629,0.6164383097204014
241,0.7531507043148473,0.7125,0.6836734693877551,0.8571428571428571,0.7,0.9662921348314607,0.4933663714086596,1.9299097402836196e-05,0.7999944920554033,0.7690014901297547,0.4857776688769926,0.7879193351717243,0.7305388740363616,0.8840579005461093,0.6917807697973393
242,0.753652586766438,0.7375,0.5816326530612245,0.8571428571428571,0.6,0.9550561797752809,0.49351938482060786,1.9220864487579092e-05,0.7815330336937572,0.7538002957652382,0.49984445923109344,0.7546654166133189,0.6791443450770706,0.9202897817160319,0.5890410515106057
243,0.7527603518259869,0.725,0.6020408163265306,0.8571428571428571,0.6,0.9662921348314607,0.4928087045562063,1.9143264580634423e-05,0.7889854064276397,0.7514157956951866,0.4957836602943576,0.7619117928473034,0.6825396428151531,0.9347825341840009,0.5890410515106057
244,0.7509410285590733,0.7,0.6428571428571429,0.8571428571428571,0.6,0.9101123595505618,0.4940694817585309,1.906628858705517e-05,0.7791356811315141,0.7365126681310054,0.5191838767507215,0.7512407593370944,0.6755318753678158,0.9202897817160319,0.5821917369581568
245,0.7529694690259616,0.7125,0.6428571428571429,0.8571428571428571,0.6,0.9662921348314607,0.4934366868286141,1.8989929230883718e-05,0.7898034424486359,0.7605067055433677,0.4898325779465556,0.7711931104721377,0.7045454105113664,0.8985506530140783,0.6438355679301969
246,0.7522166457100425,0.7,0.6122448979591837,0.8571428571428571,0.5,0.9662921348314607,0.4941186299013922,1.891417741717305e-05,0.7828691988883425,0.7479880756119769,0.4979965445070615,0.7548639474540866,0.6772486378320899,0.9275361579500164,0.5821917369581568
247,0.7526488225612616,0.7125,0.6428571428571429,0.8571428571428571,0.6,0.9213483146067416,0.4945506947601953,1.8839031326933764e-05,0.7839451848029402,0.7435171363872494,0.5138938733544506,0.7580900738895433,0.6827956585443428,0.9202897817160319,0.5958903660630546
248,0.7514289697809032,0.7125,0.6836734693877551,0.8571428571428571,0.6,0.9325842696629213,0.4928649741702876,1.8764478227240033e-05,0.794947218259671,0.7515648293868262,0.5041978324689915,0.7750148294298977,0.7039105712680654,0.9130434054820474,0.6369862533777481
249,0.7533598222876133,0.725,0.5918367346938775,0.8571428571428571,0.6,0.9662921348314607,0.49419917246628287,1.8690510842134245e-05,0.785270650042362,0.7514157968943858,0.49684762517226255,0.758288604730311,0.6808510239927592,0.9275361579500164,0.5890410515106057
250,0.7532343514191959,0.7125,0.6122448979591837,0.8571428571428571,0.6,0.9550561797752809,0.49457288384188275,1.8617127352626994e-05,0.7839451848029402,0.7560357677454653,0.4927908805616744,0.7580900738895433,0.6827956585443428,0.9202897817160319,0.5958903660630546
251,0.7510386172421853,0.7375,0.6530612244897959,0.8571428571428571,0.7,0.9550561797752809,0.49399947626527907,1.8544315025792457e-05,0.8012563660865066,0.751862888991966,0.496599366774591,0.7820626748231144,0.7094971631035263,0.9202897817160319,0.6438355679301969
252,0.7536316746351162,0.7375,0.5816326530612245,0.8571428571428571,0.6,0.9775280898876404,0.4922197071616493,1.847207204264123e-05,0.7863722719075599,0.7639344270589543,0.4864356388822309,0.7615147311657677,0.6864864456683735,0.9202897817160319,0.6027396806155035
253,0.7534922629856555,0.7375,0.6122448979591837,0.8571428571428571,0.6,0.9550561797752809,0.49230977322007263,1.8400389308226295e-05,0.7874945498807132,0.7611028323263686,0.4900001810499968,0.7647408576012245,0.6923076504649223,0.9130434054820474,0.6164383097204014
254,0.7537501748886531,0.7375,0.6224489795918368,0.8571428571428571,0.6,0.9662921348314607,0.4930057346770974,1.832926136557944e-05,0.7924473713433576,0.7663189250859258,0.48601406714955314,0.7715901721536733,0.6999999572222249,0.9130434054820474,0.6301369388252991
255,0.7534434689681733,0.7125,0.6326530612244898,0.8571428571428571,0.6,0.9438202247191011,0.49197977237848994,1.8258680938743055e-05,0.7876868794307467,0.7521609525167107,0.49818489672796556,0.7617132620065354,0.684491938345394,0.9275361579500164,0.5958903660630546
256,0.7524187929058913,0.7375,0.673469387755102,0.8571428571428571,0.6,0.9325842696629213,0.4935920026849773,1.818864075175952e-05,0.7974628870740519,0.7548435143182601,0.5016630358672,0.7784394867061222,0.7078651247948519,0.9130434054820474,0.6438355679301969
257,0.7535549984323285,0.7,0.5918367346938775,0.8571428571428571,0.7,0.9662921348314607,0.49309432137615755,1.8119137166650034e-05,0.7828691988883425,0.7591654247869412,0.48866171283222704,0.7548639474540866,0.6772486378320899,0.9275361579500164,0.5821917369581568
258,0.7532134395870191,0.7375,0.6122448979591837,0.8571428571428571,0.6,0.9438202247191011,0.49244119721145024,1.8050161088467576e-05,0.7850412832932013,0.7523099842041331,0.4993315958230577,0.7613162003249999,0.6885245487772129,0.9130434054820474,0.6095889951679524
259,0.7535759102146479,0.75,0.6122448979591837,0.8571428571428571,0.6,0.9662921348314607,0.4932267814438396,1.798171069822274e-05,0.7950256138631269,0.7627421732930864,0.4922069841343493,0.771987233835209,0.6956521323251442,0.9275361579500164,0.6164383097204014
260,0.7528997631513739,0.7125,0.6224489795918368,0.8571428571428571,0.6,0.9550561797752809,0.4936361735907123,1.791377508197911e-05,0.7863722719075599,0.7500745147722044,0.5014113090743606,0.7615147311657677,0.6864864456683735,0.9202897817160319,0.6027396806155035
261,0.7524815280534193,0.7,0.6836734693877551,0.8571428571428571,0.6,0.9325842696629213,0.4938036577191028,1.784635242074728e-05,0.7924473713433576,0.7484351698803298,0.5061325922985901,0.7715901721536733,0.6999999572222249,0.9130434054820474,0.6301369388252991
262,0.7536107630023693,0.725,0.6938775510204082,1.0,0.7,0.9550561797752809,0.4932807792509415,1.7779435438569635e-05,0.8026700588061586,0.7564828590324757,0.49851978250436385,0.7943715880426376,0.7453415639828745,0.8695651480781403,0.7191780280071348
263,0.7532831455862508,0.725,0.6326530612244898,0.8571428571428571,0.6,0.9550561797752809,0.4933417544410798,1.7713016859488562e-05,0.7912718124609109,0.7542473914937273,0.49507703034182243,0.7683640457182166,0.6939890293230638,0.9202897817160319,0.6164383097204014
264,0.7524257639071673,0.7375,0.6836734693877551,0.8571428571428571,0.6,0.9550561797752809,0.4935479934297312,1.7647093045525253e-05,0.8051063413893995,0.7578241417320493,0.4921043101093009,0.7887134585347955,0.7199999547428599,0.9130434054820474,0.6643835115875436
265,0.7552767323679827,0.7125,0.6836734693877551,0.8571428571428571,0.6,0.9101123595505618,0.4918949206420838,1.7581658539711498e-05,0.7859370136641729,0.7493293582060653,0.5036524311207712,0.7675699223551453,0.7028570986775537,0.8913042767800938,0.6438355679301969
266,0.7534504398946631,0.7375,0.6530612244897959,0.8571428571428571,0.6,0.9438202247191011,0.4931019178647369,1.751670970406849e-05,0.7962327895728792,0.7581222042907724,0.4991606309588016,0.7752133602706655,0.7016574159213725,0.9202897817160319,0.6301369388252991
267,0.7541265864842909,0.7375,0.673469387755102,0.8571428571428571,0.6,0.9550561797752809,0.4914427575383013,1.745223744364921e-05,0.7973801164881446,0.7694485815944242,0.48091261511898964,0.7844946778954999,0.7261904286422933,0.8840579005461093,0.6849314552448904
268,0.7520911753152714,0.7375,0.6632653061224489,0.8571428571428571,0.6,0.9438202247191011,0.4938077773199277,1.738823630148545e-05,0.7987366790840587,0.7494783916201126,0.5026012534766989,0.77863801754689,0.7055555124382742,0.9202897817160319,0.6369862533777481
269,0.7537153220386098,0.725,0.6326530612244898,0.8571428571428571,0.6,0.9550561797752809,0.4932430232857521,1.7324704458587803e-05,0.7899631975290665,0.75961251715101,0.4904438806073143,0.7681655148774489,0.6961325543786845,0.9130434054820474,0.6232876242728502
270,0.7542032621885034,0.7125,0.6326530612244898,0.8571428571428571,0.6,0.9438202247191011,0.4926278585297749,1.7261634638998657e-05,0.7876868794307467,0.7497764545785688,0.5052980659016021,0.7617132620065354,0.684491938345394,0.9275361579500164,0.5958903660630546
271,0.7528370275551283,0.7375,0.6224489795918368,0.8571428571428571,0.6,0.9662921348314607,0.49361078709750333,1.7199021385749802e-05,0.7924473713433576,0.760804767219347,0.49344581608201105,0.7715901721536733,0.6999999572222249,0.9130434054820474,0.6301369388252991
272,0.7527882339365061,0.725,0.6326530612244898,0.8571428571428571,0.6,0.9550561797752809,0.4912724128107504,1.7136864698841237e-05,0.78863807043284,0.7637853951938728,0.48818948266447565,0.767966984036681,0.6983239794326046,0.9057970292480629,0.6301369388252991
273,0.7531158521503447,0.7,0.6428571428571429,0.8571428571428571,0.6,0.9325842696629213,0.4919154868620502,1.7075151845347136e-05,0.7798687558619692,0.7494783884389035,0.5053235951883249,0.7574944813672398,0.6888888467901261,0.8985506530140783,0.6164383097204014
274,0.7527254985396905,0.725,0.6428571428571429,0.8571428571428571,0.6,0.9550561797752809,0.49092787762208745,1.70138828252675e-05,0.7911337735909295,0.7630402362681981,0.4889978155349388,0.7713916413129055,0.7022471476139404,0.9057970292480629,0.6369862533777481
275,0.7515195874128816,0.75,0.7040816326530612,0.8571428571428571,0.6,0.9325842696629213,0.4936724126538389,1.695305218163412e-05,0.808911721363738,0.753204171236288,0.5063655178788522,0.7923366466517878,0.7215908639914801,0.9202897817160319,0.6643835115875436
276,0.7537641158068046,0.7125,0.6938775510204082,0.8571428571428571,0.6,0.9662921348314607,0.4932975083626947,1.6892654457478784e-05,0.8012974302908829,0.7636363611524667,0.4886984883317649,0.7881178660124921,0.7278106035152861,0.8913042767800938,0.6849314552448904
277,0.7532134397116629,0.6875,0.5510204081632653,0.8571428571428571,0.5,0.9775280898876404,0.4926049368419392,1.6832686014822684e-05,0.7687633791639332,0.7526080477066704,0.4919451936446519,0.7343160037967399,0.6564102193819876,0.9275361579500164,0.5410958496434634
278,0.7534086156818768,0.7125,0.6632653061224489,0.8571428571428571,0.6,0.9550561797752809,0.4924046955987132,1.6773143215687014e-05,0.7909912983075567,0.7594634842532847,0.49573536168356414,0.7744192369075943,0.7109826137525506,0.8913042767800938,0.6575341970350947
279,0.7553046151266493,0.7125,0.5714285714285714,0.8571428571428571,0.6,0.9662921348314607,0.49180000601628493,1.6714016965124756e-05,0.7807753903817883,0.7469448567813626,0.505698859724931,0.7484116945831734,0.6666666290598312,0.9420289104179854,0.5547944787483612
280,0.7530322046720648,0.7125,0.673469387755102,0.8571428571428571,0.6,0.9550561797752809,0.4922637732419844,1.665530726313591e-05,0.7961728687536653,0.757377049823232,0.4949449896201736,0.7782409558653545,0.710227228338071,0.9057970292480629,0.6506848824826459
281,0.7544960268916868,0.7,0.5816326530612245,0.8571428571428571,0.6,0.9662921348314607,0.49189502878300767,1.659701047174167e-05,0.7781100922570068,0.7461996989605058,0.49976341932701107,0.7480146329016377,0.6701570294673962,0.9275361579500164,0.568493107853259
282,0.7548794094512075,0.7125,0.6020408163265306,0.8571428571428571,0.7,0.9887640449438202,0.49104227397991296,1.6539117495995015e-05,0.78729611666108,0.7661698938981698,0.4824548677226248,0.7677684531959132,0.700564928213479,0.8985506530140783,0.6369862533777481
283,0.7533249691758181,0.7125,0.6020408163265306,0.8571428571428571,0.6,0.9662921348314607,0.49304036436495746,1.6481628335895948e-05,0.7839451848029402,0.763487333062642,0.488064858668252,0.7580900738895433,0.6827956585443428,0.9202897817160319,0.5958903660630546
284,0.7525163817884333,0.7125,0.5816326530612245,0.8571428571428571,0.5,0.9775280898876404,0.4921344238088401,1.6424537534476258e-05,0.7777723457162036,0.7627421770905507,0.48413711773778484,0.7510422284963265,0.677419314776277,0.9130434054820474,0.5890410515106057
285,0.7541335569620631,0.7375,0.6530612244897959,0.8571428571428571,0.6,0.9550561797752809,0.49146231630017,1.6367841453757137e-05,0.7948663120850379,0.7637853920404228,0.4886512119328567,0.7780424250245865,0.7126436331087358,0.8985506530140783,0.6575341970350947
286,0.7533179983989009,0.7125,0.6224489795918368,0.8571428571428571,0.6,0.9550561797752809,0.4916858768822109,1.6311534636770375e-05,0.7863722719075599,0.7523099848203882,0.4964683260629856,0.7615147311657677,0.6864864456683735,0.9202897817160319,0.6027396806155035
287,0.753854733438783,0.725,0.6530612244897959,0.8571428571428571,0.6,0.9550561797752809,0.49150648765462257,1.625561526452657e-05,0.792326789572577,0.7596125170510768,0.49054764939025153,0.7746177677483621,0.7085713840326558,0.8985506530140783,0.6506848824826459
288,0.7546005860525711,0.725,0.6020408163265306,0.8571428571428571,0.6,0.9887640449438202,0.49139983961393724,1.6200076061068103e-05,0.78863807043284,0.7703427713192256,0.4815815188179428,0.767966984036681,0.6983239794326046,0.9057970292480629,0.6301369388252991
289,0.7544332922427338,0.7375,0.6326530612244898,0.8571428571428571,0.6,0.9550561797752809,0.4906855884928526,1.6144915207405575e-05,0.7911337735909295,0.765424738603404,0.4887980924622224,0.7713916413129055,0.7022471476139404,0.9057970292480629,0.6369862533777481
290,0.7541753799284118,0.7125,0.6122448979591837,0.8571428571428571,0.6,0.9550561797752809,0.4921707060360998,1.609013088454958e-05,0.7812445503106964,0.7628912053136196,0.4871751618323134,0.7576930122080077,0.6868131453025023,0.9057970292480629,0.6095889951679524
291,0.7530461459516831,0.725,0.6632653061224489,0.8571428571428571,0.6,0.9550561797752809,0.49210492590390104,1.6035715816542506e-05,0.7974628870740519,0.7605067053768123,0.49061001646269986,0.7784394867061222,0.7078651247948519,0.9130434054820474,0.6438355679301969
292,0.7538129097245718,0.75,0.6224489795918368,0.8571428571428571,0.6,0.9550561797752809,0.49149104656160053,1.5981668184394948e-05,0.7937445494507346,0.7585692987034733,0.49143016380542437,0.771788702994441,0.6978021556273423,0.9202897817160319,0.6232876242728502
293,0.7543635855205685,0.7375,0.6122448979591837,0.8571428571428571,0.6,0.9662921348314607,0.4920798290578554,1.5927982531138696e-05,0.78863807043284,0.7643815178129872,0.4875845760884299,0.767966984036681,0.6983239794326046,0.9057970292480629,0.6301369388252991
294,0.7543287334557808,0.6875,0.5612244897959183,0.8571428571428571,0.5,0.9662921348314607,0.49263516788899475,1.5874655218794942e-05,0.7673662020982089,0.7549925463110342,0.4934041885278797,0.7341174729559721,0.6580310505785412,0.9202897817160319,0.5479451641959123
295,0.7535549982328985,0.7,0.6428571428571429,0.8571428571428571,0.6,0.9550561797752809,0.4931081653463945,1.5821686247363687e-05,0.786158063602661,0.7618479859222688,0.49039645606288257,0.7645423267604565,0.6944444020061754,0.9057970292480629,0.6232876242728502
296,0.7529485572187136,0.7125,0.6632653061224489,0.8571428571428571,0.6,0.9213483146067416,0.4920853366541693,1.5769066521897912e-05,0.786158063602661,0.7482861373934412,0.5072047855766093,0.7645423267604565,0.6944444020061754,0.9057970292480629,0.6232876242728502
297,0.7542520565549882,0.725,0.6938775510204082,0.8571428571428571,0.6,0.898876404494382,0.4919328083931178,1.5716799680376425e-05,0.7924473713433576,0.7436661668088503,0.5130914824330505,0.7715901721536733,0.6999999572222249,0.9130434054820474,0.6301369388252991
298,0.7541126446811687,0.725,0.5612244897959183,0.8571428571428571,0.5,0.9662921348314607,0.49041542251306514,1.566487662785221e-05,0.777103038757875,0.7540983568749289,0.49449380185183045,0.744788506466181,0.6649484159049868,0.9347825341840009,0.5547944787483612
299,0.7537083508379038,0.7375,0.6938775510204082,1.0,0.6,0.9213483146067416,0.49241669950301753,1.561329554533586e-05,0.7973801164881446,0.7590163910564385,0.4965929052446887,0.7844946778954999,0.7261904286422933,0.8840579005461093,0.6849314552448904
